Periodo,# Clicks,# Registros IN,# Primer depÃ³sito IN,Total depositado IN,# Personas que apostaron IN,Total apostado,Net revenue IN
2022-08-04,3.0,,,,,,
2022-08-08,1.0,,,,,,
2022-08-09,1.0,,,,,,
2022-11-03,,0.0,0.0,194.5249,1.0,194.5249,160.4830425
2022-11-04,,0.0,0.0,0.0,1.0,44.17412175,6.67520062
2022-11-05,,0.0,0.0,0.0,1.0,27.94059948,-38.2647512767777
2022-11-06,,0.0,0.0,0.0,1.0,66.0878811946329,66.0878811946329
2022-11-08,,0.0,0.0,97.72458,1.0,368.705058338217,78.179664
2022-11-09,,0.0,0.0,0.0,1.0,50.9031416,-66.3626207775815
2022-11-10,,0.0,0.0,0.0,1.0,83.70114048,31.9691856
2022-11-11,3.0,,,,,,
2022-11-11,,0.0,0.0,0.0,1.0,14.3870284174792,14.3870284174792
2022-11-12,,0.0,0.0,0.0,1.0,132.728663721789,24.1008022869619
2022-11-13,,0.0,0.0,0.0,1.0,75.78181395,14.03366925
2022-11-16,1.0,,,,,,
2022-11-20,,0.0,0.0,18.622702,1.0,18.622702,-4.84190252
2022-11-21,,0.0,0.0,0.0,1.0,50.2161148070151,-32.3930728115744
2022-11-22,,0.0,0.0,0.0,1.0,247.90164830106,36.5257691794598
2022-11-23,10655.0,423.0,143.0,1380.4593123,41.0,1566.3155437,-1443.88323331909
2022-11-23,,0.0,0.0,18.69781,1.0,37.2105106544902,-0.364607304348905
2022-11-24,18707.0,1324.0,659.0,14503.859019311,782.0,46617.388221605,-5748.41928455651
2022-11-24,,0.0,0.0,0.0,1.0,55.3889526611777,-24.97507097
2022-11-25,9705.0,112.0,64.0,2093.40688584,559.0,18538.0519884165,3308.86954675406
2022-11-25,,0.0,0.0,0.0,1.0,159.568145841528,63.1533095093807
2022-11-26,8711.0,53.0,54.0,4840.99487158273,502.0,17486.1085069919,-2026.83782556556
2022-11-27,7980.0,43.0,37.0,3343.945184415,493.0,25492.0394645793,716.959308189211
2022-11-28,8217.0,30.0,42.0,5848.12292633342,598.0,34299.0987261411,7.52758604051717
2022-11-29,6208.0,14.0,25.0,2913.77202938918,442.0,27821.0417073445,-1435.05823535748
2022-11-30,6647.0,17.0,28.0,3008.93302449947,465.0,29197.0932800748,965.427480316932
2022-12-01,6103.0,20.0,24.0,2007.4095393,422.0,27792.2575447057,4149.77536691953
2022-12-01,,0.0,0.0,19.00866,1.0,78.5057658,-4.9025997082188
2022-12-02,6758.0,41.0,33.0,6426.18315760562,510.0,33717.9693044827,1239.06546687585
2022-12-03,5270.0,18.0,22.0,4666.35710826282,381.0,19612.8792838981,1305.30792984712
2022-12-04,5870.0,4.0,9.0,6658.58057951023,384.0,24657.3065456737,-1259.01957260057
2022-12-04,,0.0,0.0,0.0,1.0,6.7145897,6.7145897
2022-12-05,6511.0,8.0,20.0,5158.71172816029,498.0,28727.5738699219,2048.51321707268
2022-12-06,4758.0,5.0,8.0,2345.09243876608,392.0,19781.2331984643,3772.2505073
2022-12-07,2789.0,3.0,10.0,1529.17819864704,166.0,16173.0222430192,616.097778140475
2022-12-08,2744.0,20.0,11.0,2231.21572648466,152.0,13032.9330162542,1262.52844288315
2022-12-08,,0.0,0.0,0.0,1.0,7.00427437686869,-4.55201188646408
2022-12-09,6339.0,37.0,28.0,5070.70192558531,501.0,26925.4070647144,9987.82913322921
2022-12-09,,0.0,0.0,0.0,1.0,11.5776681308993,11.5776681308993
2022-12-10,3843.0,31.0,13.0,3234.57450724328,315.0,11037.8717964574,-1060.20293802566
2022-12-11,2193.0,17.0,2.0,1049.7738469793,139.0,8254.00116996933,409.617429118004
2022-12-12,2187.0,3.0,4.0,1109.63931596,124.0,4591.75876020346,771.709925283538
2022-12-13,3268.0,5.0,9.0,2140.71343620835,290.0,13146.3176331935,1393.33718139223
2022-12-14,3234.0,5.0,6.0,2370.97997565541,321.0,10494.4162526336,1967.1445659189
2022-12-15,2031.0,4.0,2.0,1324.44190969484,145.0,8226.04468075855,24.4195684758894
2022-12-16,2083.0,1.0,1.0,2916.32865283923,134.0,18008.5181495753,472.613220215722
2022-12-17,3016.0,11.0,6.0,2217.81373118337,229.0,10791.2320507918,1255.82748632892
2022-12-18,5775.0,25.0,14.0,2723.55741989,360.0,11888.65885224,-80.2815209702775
2022-12-19,2406.0,13.0,4.0,1117.58498121595,148.0,7181.11772513982,432.178949032717
2022-12-20,2575.0,11.0,6.0,1939.6084187325,164.0,10359.6391213941,278.855412578204
2022-12-21,3315.0,11.0,10.0,2260.13085536762,178.0,12367.7459159093,426.879511908502
2022-12-22,4045.0,51.0,25.0,2442.6317916975,197.0,11018.6616821676,227.882077984815
2022-12-23,4942.0,91.0,54.0,2135.68941716389,207.0,11600.9081316964,684.924974263607
2022-12-24,2740.0,13.0,12.0,1841.16915845296,161.0,8887.622782375,366.206509024872
2022-12-25,2592.0,13.0,8.0,987.222910179669,118.0,5809.00686820542,384.058459426631
2022-12-26,3598.0,10.0,11.0,2363.03648986453,188.0,9861.96985404276,125.1597286174
2022-12-27,3537.0,5.0,4.0,5524.56829046976,171.0,17793.8389533896,565.065656855311
2022-12-28,3743.0,2.0,4.0,1956.41315252817,197.0,14068.1449817086,-648.306501570099
2022-12-29,3806.0,9.0,5.0,3177.15889103936,184.0,13011.2877384963,1146.40225652253
2022-12-30,3975.0,22.0,16.0,2531.06265241513,208.0,23256.2169519809,-187.324311693902
2022-12-31,3136.0,12.0,4.0,1532.63987404201,185.0,16827.7248776496,55.4432279916335
2023-01-01,2757.0,21.0,13.0,2137.66064404538,145.0,13768.362096427,-2179.76291237941
2023-01-02,3319.0,3.0,1.0,2173.48706819226,165.0,14633.845964794,3491.79317034498
2023-01-03,3144.0,4.0,0.0,2079.6599303821,178.0,15248.7365543144,870.483037218882
2023-01-04,3612.0,5.0,5.0,2131.9871584948,191.0,13849.2810563555,1336.14282242378
2023-01-05,3072.0,4.0,6.0,1596.98284281921,178.0,8728.53094207622,301.045725264657
2023-01-06,3088.0,1.0,2.0,1270.29855027169,184.0,8657.84101421045,62.4871921389272
2023-01-06,,0.0,0.0,0.0,1.0,7.11097283787855,7.11097283787855
2023-01-07,3443.0,3.0,4.0,1833.86772039254,202.0,13085.3596959337,2170.125290845
2023-01-08,2843.0,1.0,4.0,1098.78360433539,177.0,8873.83485124201,-217.19828079246
2023-01-09,2493.0,2.0,3.0,878.453789602734,176.0,5986.63357736737,242.473343750156
2023-01-09,,0.0,0.0,5.7423411,1.0,6.91760679503906,1.75612268820802
2023-01-10,2698.0,3.0,2.0,1203.82375819482,172.0,6600.99450689962,879.175545453523
2023-01-10,,0.0,0.0,0.0,1.0,20.9252258850483,0.528284885937079
2023-01-11,3029.0,1.0,3.0,1392.48898967047,171.0,8200.36252115534,755.023514430478
2023-01-11,,0.0,0.0,0.0,1.0,18.3397858013659,-4.33666912580515
2023-01-12,2355.0,0.0,0.0,2119.44040841859,153.0,9341.41824082808,-646.235123416181
2023-01-12,,0.0,0.0,0.0,1.0,28.2220292149806,-3.12063115
2023-01-13,3699.0,12.0,8.0,2367.63186487871,182.0,8657.73992004764,595.233462997365
2023-01-13,,0.0,0.0,0.0,1.0,34.0623325,-3.63591075233898
2023-01-14,2870.0,18.0,11.0,1962.85237735291,189.0,8985.88004454466,65.0201452491686
2023-01-14,,0.0,0.0,0.0,1.0,27.4905456,4.40437818807192
2023-01-15,3335.0,40.0,22.0,1989.57092363168,217.0,12698.7322062946,-13.6710344114531
2023-01-15,,0.0,0.0,0.0,1.0,11.784393,8.44548165
2023-01-16,2366.0,6.0,7.0,1615.10994425483,175.0,9767.68478376412,-57.6007940963401
2023-01-16,,0.0,0.0,0.0,1.0,8.2490751,1.9640655
2023-01-17,2396.0,1.0,2.0,883.063331375136,179.0,8594.42363118359,166.707824325988
2023-01-17,,0.0,0.0,5.8663872,1.0,3.9109248,0.136882366044537
2023-01-18,2559.0,2.0,3.0,3068.84354802152,185.0,15241.9177143816,1036.63777976284
2023-01-18,,0.0,0.0,0.0,1.0,17.7884019326784,3.26661884566049
2023-01-19,2305.0,2.0,3.0,1868.1673516275,182.0,14322.5321836699,2246.11377873722
2023-01-19,,0.0,0.0,0.0,1.0,2.42172509394133,2.42172509394133
2023-01-20,2256.0,1.0,2.0,1316.11172713152,173.0,15117.8272177045,761.232456899413
2023-01-21,2733.0,1.0,4.0,1804.49572604875,189.0,11676.8005511149,594.365394265137
2023-01-22,2722.0,0.0,2.0,1393.29082405938,195.0,17195.2452664592,54.8740293323198
2023-01-23,2393.0,0.0,1.0,897.1084611,176.0,8434.29112048181,-29.1442851037226
2023-01-24,2263.0,1.0,4.0,1878.32075633077,170.0,11927.097060199,1866.30671101062
2023-01-25,2532.0,0.0,1.0,1246.98260622062,177.0,8673.67174452586,218.853003246544
2023-01-26,2056.0,0.0,1.0,1624.02676783312,172.0,8895.86855998301,95.0961668984272
2023-01-27,1944.0,2.0,2.0,2460.43866935179,172.0,8357.98178427742,1178.66139482349
2023-01-28,2640.0,2.0,1.0,1620.1461515775,217.0,12283.8194911698,152.407142749463
2023-01-29,2000.0,4.0,0.0,2040.07481936,175.0,8221.49866876398,1692.7296268066
2023-01-30,1590.0,0.0,1.0,1261.0778890883,124.0,3961.43920578763,300.632057211571
2023-01-30,1.0,,,,,,
2023-01-31,1888.0,0.0,2.0,993.284426273246,161.0,5165.32958751813,158.78819766934
2023-02-01,739.0,2.0,1.0,3841.31919258406,167.0,10149.5640898671,105.377864508153
2023-02-02,389.0,1.0,2.0,1637.85969481591,164.0,10357.5014304987,-1350.87368402298
2023-02-03,275.0,0.0,1.0,3409.72161379031,158.0,16908.5860341248,2856.62756258566
2023-02-04,283.0,1.0,4.0,3907.1398247882,179.0,16798.3137905497,2102.13933456296
2023-02-05,635.0,0.0,0.0,2172.3030138,160.0,12726.3123977495,323.158176101902
2023-02-06,520.0,2.0,0.0,2264.51970440039,149.0,13451.4163999128,192.548776766258
2023-02-07,1598.0,0.0,1.0,2880.8458920739,179.0,14160.8970453732,439.21653868444
2023-02-07,,0.0,0.0,5.7764292,1.0,7.7019056,-3.57753513579618
2023-02-08,3704.0,0.0,2.0,3251.98025738785,183.0,10710.3484945887,943.602152668398
2023-02-08,,0.0,0.0,0.0,1.0,16.76336097,5.58778699
2023-02-09,2469.0,0.0,0.0,1785.35565779484,154.0,10823.6183918959,-417.935454222119
2023-02-09,,0.0,0.0,0.0,1.0,10.71776496,-1.02392931186113
2023-02-10,6387.0,0.0,0.0,2041.76559567647,171.0,14476.9851568789,1257.74930460875
2023-02-10,,0.0,0.0,0.0,1.0,10.08509546,3.18236125344462
2023-02-11,4180.0,1.0,3.0,3220.26747268366,200.0,24429.6001599406,111.004839059939
2023-02-11,,0.0,0.0,0.0,1.0,1.5242508,-1.18891558017778
2023-02-12,2122.0,4.0,5.0,2366.83433647273,188.0,18956.5828750126,9.40823766957188
2023-02-13,2131.0,5.0,2.0,1494.29335778851,159.0,21944.2551743492,-487.143692480137
2023-02-14,1898.0,5.0,3.0,2976.99641785281,188.0,18473.2495458666,3940.45519488514
2023-02-15,2222.0,3.0,3.0,2549.3635798283,176.0,19489.8651994435,-379.25557051027
2023-02-15,,0.0,0.0,38.782614,2.0,32.5677002538739,-5.26280060151302
2023-02-16,2263.0,3.0,3.0,2749.32601071688,202.0,15136.6143742173,378.016527535797
2023-02-16,,0.0,0.0,0.0,1.0,11.0897392,2.06965124899988
2023-02-17,1849.0,0.0,0.0,2272.73908444348,189.0,15053.4020400371,814.540559874857
2023-02-17,,0.0,0.0,0.0,2.0,37.1136037620539,-16.9791436708033
2023-02-18,2767.0,0.0,4.0,3466.02878183592,195.0,22606.78777608,2676.02665110253
2023-02-18,,0.0,0.0,0.0,2.0,8.914201875,8.914201875
2023-02-19,1530.0,0.0,0.0,3661.90366453945,160.0,13200.7120192795,448.071127841404
2023-02-19,,0.0,0.0,0.0,1.0,7.755124,-5.58368913265264
2023-02-20,694.0,0.0,0.0,1441.62718873514,164.0,15186.16333833,-531.305040978521
2023-02-21,674.0,0.0,3.0,4144.06082554977,170.0,25683.5623987112,1313.98611219966
2023-02-22,1166.0,13.0,7.0,7463.97510264062,206.0,50941.5450967479,1828.61215097108
2023-02-22,,0.0,0.0,0.0,1.0,22.1038824674753,-23.06508935
2023-02-23,1112.0,4.0,5.0,6228.12764204996,201.0,79726.7045408741,3202.85395878765
2023-02-24,839.0,1.0,0.0,5531.90882046072,167.0,74686.1428465996,3287.31597084119
2023-02-25,1140.0,1.0,1.0,2242.48692365076,198.0,49888.5993132473,-556.788020542159
2023-02-25,,0.0,0.0,0.0,1.0,87.9912734973161,2.11258949
2023-02-26,1144.0,1.0,1.0,9858.61566558308,169.0,72409.9535170792,7568.2768269914
2023-02-26,,0.0,0.0,0.0,1.0,67.318622256131,31.4871854947365
2023-02-27,958.0,1.0,2.0,5022.6334990775,160.0,40066.2686617602,3239.33901947152
2023-02-28,1126.0,2.0,4.0,1796.26006524531,176.0,12846.72873741,-15.9771491055117
2023-02-28,,0.0,0.0,0.0,1.0,24.370002909312,11.277167309312
2023-03-01,1020.0,0.0,1.0,2362.99157105665,196.0,21373.9275125032,2221.31210013955
2023-03-02,1042.0,1.0,4.0,1942.14778394,200.0,9477.80441643361,1362.23239683425
2023-03-03,1.0,,,,,,
2023-03-03,816.0,1.0,1.0,2538.20940435834,181.0,16900.2334567893,1168.15475982122
2023-03-04,935.0,0.0,3.0,4973.14333986131,202.0,20718.3585851057,585.802303418783
2023-03-05,1293.0,1.0,3.0,2515.32529291941,217.0,11816.5290080331,1636.62764996144
2023-03-06,10.0,,,,,,
2023-03-06,857.0,0.0,0.0,1935.10025211808,181.0,12001.2006025363,-184.099420076358
2023-03-06,,0.0,0.0,0.0,1.0,32.32858104,24.6270466379974
2023-03-07,975.0,0.0,2.0,5455.72714838323,186.0,52529.7650478326,-1115.49048449057
2023-03-07,,0.0,0.0,0.0,1.0,40.6227276,-5.54016616040064
2023-03-08,1079.0,1.0,1.0,1707.04253532176,198.0,114508.393711203,-6187.55789690527
2023-03-09,917.0,0.0,1.0,2126.5371117,212.0,34173.4943857351,91.8865883028078
2023-03-10,718.0,0.0,2.0,2139.53449275429,178.0,170388.058485458,-3106.69186454843
2023-03-10,,0.0,0.0,0.0,1.0,17.2251292062606,17.2251292062606
2023-03-11,1044.0,0.0,0.0,3342.09360104153,180.0,179398.352323896,-5301.21058199027
2023-03-12,963.0,1.0,1.0,5518.67772052644,190.0,289945.271311868,25210.3466637304
2023-03-13,824.0,0.0,1.0,6666.22102641601,176.0,87746.8566284378,-7948.67795820312
2023-03-14,898.0,0.0,1.0,3925.31909765,194.0,116583.648405932,-1800.50654649646
2023-03-15,985.0,0.0,0.0,1803.91207148181,191.0,91707.6778232436,-19141.06275105
2023-03-16,1000.0,0.0,1.0,2275.11184749673,197.0,132898.53253022,-448.953617148611
2023-03-17,756.0,0.0,0.0,3874.86262750945,164.0,31154.5650379928,1009.97409259525
2023-03-18,946.0,0.0,1.0,6287.2969003955,193.0,121894.494108501,-776.209241417136
2023-03-19,1024.0,0.0,1.0,2221.18457141601,201.0,44728.5615363269,-4138.24062079968
2023-03-20,774.0,1.0,1.0,5942.08676202503,170.0,132686.719101993,9640.50063855785
2023-03-21,714.0,0.0,1.0,2611.72628551884,156.0,14394.9442449815,1763.61326636509
2023-03-21,1.0,,,,,,
2023-03-21,3.0,,,,,,
2023-03-21,2.0,,,,,,
2023-03-22,743.0,0.0,0.0,4529.44851782712,146.0,35221.6417618295,-1757.74205093087
2023-03-22,5.0,,,,,,
2023-03-23,785.0,1.0,0.0,8295.01514715234,174.0,134379.053787125,-1206.38651936581
2023-03-24,757.0,0.0,0.0,7113.5002254246,162.0,58363.672782185,4396.75467267622
2023-03-25,961.0,0.0,2.0,8084.14280698882,176.0,87171.1910516571,5812.93613313327
2023-03-26,734.0,5.0,5.0,10890.0473102514,179.0,155684.880999802,6792.8203967307
2023-03-27,734.0,1.0,0.0,7482.21610426226,153.0,79674.1111697365,6363.26441542804
2023-03-28,783.0,0.0,0.0,4076.73275456,153.0,128150.138484662,-10628.4755491325
2023-03-29,688.0,0.0,0.0,1960.23762275756,144.0,95901.3974580285,-2081.25666347334
2023-03-30,633.0,0.0,0.0,5296.472151025,158.0,48136.8376647643,-3343.54453872011
2023-03-31,648.0,0.0,0.0,8860.75748325304,140.0,162727.339231769,-811.202861712767
2023-04-01,1095.0,0.0,1.0,5651.45364625532,171.0,45886.8613126117,-8859.73086134445
2023-04-02,425.0,0.0,0.0,3174.52176365358,183.0,13132.7741960175,1772.87964920582
2023-04-03,375.0,0.0,1.0,8264.78597257824,159.0,27091.0832241398,6875.98821838523
2023-04-04,1419.0,2.0,1.0,4828.34683603507,160.0,14527.6251057995,1049.03535156068
2023-04-05,956.0,0.0,1.0,8126.38465105886,182.0,38274.9591427393,-2159.96174421762
2023-04-06,745.0,2.0,3.0,10411.8667757179,192.0,57009.990488003,7403.89821345234
2023-04-07,504.0,0.0,3.0,9500.97547974617,184.0,88033.0459260503,-4247.76206748565
2023-04-08,12.0,0.0,0.0,2289.63807225858,187.0,16559.3603250171,-330.828282212433
2023-04-09,6.0,0.0,3.0,3817.33563956054,213.0,34094.5258993515,342.681607919722
2023-04-10,7.0,0.0,0.0,2468.30828249585,188.0,10224.6570566299,1204.93630088304
2023-04-11,5.0,0.0,0.0,2012.68712501905,172.0,10039.2390143465,-311.955661868499
2023-04-12,8.0,1.0,0.0,3245.22846878378,179.0,27841.5061201209,-5550.17439375117
2023-04-13,6.0,0.0,1.0,4433.21537809281,180.0,24310.9620162511,1062.90697430734
2023-04-14,3.0,0.0,0.0,11111.1017087271,160.0,77561.2846792539,-3722.18754465137
2023-04-15,9.0,1.0,1.0,12632.4638174657,203.0,65211.8319951663,9215.27643354093
2023-04-16,7.0,1.0,1.0,6508.60165437285,200.0,36186.839398581,-6719.24493238613
2023-04-17,9.0,0.0,1.0,1493.01078750892,161.0,6778.81691705008,823.434514441705
2023-04-18,5.0,2.0,2.0,2865.34961029839,174.0,13942.5797200973,1173.56534200718
2023-04-19,5.0,0.0,2.0,2938.06133798635,194.0,9993.04501493248,79.4220465425514
2023-04-20,7.0,0.0,0.0,8253.98984116812,196.0,68747.8505047956,-6799.37060197359
2023-04-20,5.0,,,,,,
2023-04-21,6.0,0.0,0.0,8712.19048518,165.0,192614.077724755,-1693.88727984073
2023-04-21,3.0,,,,,,
2023-04-22,4.0,1.0,2.0,10146.9403423202,178.0,171341.736975564,17562.6563361419
2023-04-23,2.0,1.0,1.0,8085.54727509808,186.0,25907.2050340539,7085.85817093886
2023-04-24,5.0,0.0,2.0,8410.46468398148,147.0,107495.738513025,6234.71459463362
2023-04-25,7.0,1.0,0.0,8676.85451173515,160.0,66432.0809837568,6098.49648058437
2023-04-26,4.0,0.0,2.0,2412.73814145172,185.0,10649.7722786059,-225.659294861131
2023-04-27,3.0,2.0,1.0,2097.27859159224,175.0,20584.6033375853,30.340307157907
2023-04-28,1.0,0.0,0.0,2437.35689075479,171.0,9911.0329110022,1175.54250614832
2023-04-29,3.0,1.0,2.0,3295.95705426369,204.0,12306.1562341426,293.623327292112
2023-04-30,9.0,0.0,1.0,4249.47400753518,207.0,14290.1530532855,76.0187878229345
2023-05-01,9.0,0.0,1.0,2140.037026875,184.0,9914.1195069795,-185.36786166375
2023-05-02,3.0,0.0,0.0,7192.244829715,196.0,103829.134209509,4836.0049810989
2023-05-03,4.0,0.0,0.0,11180.3740320942,198.0,43707.5559498857,7005.60527765401
2023-05-04,2.0,0.0,0.0,5400.9011340252,200.0,30108.2840691717,790.370844880911
2023-05-05,1.0,1.0,0.0,9571.6075876776,180.0,66755.4210708855,5140.16177435199
2023-05-06,,5.0,3.0,7630.6803494608,189.0,142841.117139497,-1593.75997000211
2023-05-07,,3.0,3.0,6657.716984086,212.0,48697.14704581,3985.27852439537
2023-05-08,,3.0,2.0,3355.8387610235,170.0,11183.3569614277,1488.69733679611
2023-05-09,4.0,1.0,3.0,2617.8997184956,194.0,12915.1226239521,1781.16886906789
2023-05-09,12.0,,,,,,
2023-05-10,5.0,0.0,2.0,4531.7446270128,185.0,17184.8746674898,1275.99178523313
2023-05-10,3.0,,,,,,
2023-05-11,3.0,0.0,4.0,5695.793257576,231.0,36345.2883925332,-2015.12062790602
2023-05-11,16.0,,,,,,
2023-05-12,3.0,0.0,0.0,6271.8031864708,207.0,177076.011226475,-18013.6873984975
2023-05-12,1.0,,,,,,
2023-05-13,5.0,0.0,1.0,9777.5871736112,222.0,99147.9572243851,-1514.37385545334
2023-05-14,6.0,1.0,1.0,5211.80505663,220.0,202823.614023527,10761.6394953296
2023-05-15,4.0,0.0,1.0,7747.182397504,159.0,32468.12785089,3405.88133101304
2023-05-15,2.0,,,,,,
2023-05-15,,0.0,0.0,20.30729,1.0,84.15340976,0.01760642043
2023-05-16,5.0,0.0,1.0,3763.8529453266,160.0,83665.5700666606,-8464.35557887958
2023-05-16,,0.0,0.0,0.0,1.0,15.27734475,6.620182725
2023-05-17,5.0,0.0,2.0,8739.8435506788,207.0,172613.173736777,8693.22629645784
2023-05-17,,0.0,0.0,0.0,1.0,5.089131,5.089131
2023-05-18,4.0,0.0,3.0,7548.5042450492,200.0,50384.6039626354,6520.06161282631
2023-05-18,3.0,,,,,,
2023-05-19,2.0,0.0,0.0,7437.1343833034,139.0,45939.9246438057,1060.07467891612
2023-05-20,6.0,0.0,1.0,6706.8961977216,197.0,33719.4263211212,4525.45301720592
2023-05-20,,0.0,0.0,0.0,1.0,17.087271263,2.001233966842
2023-05-21,4.0,1.0,1.0,6297.913476524,185.0,46065.4892081903,4107.75124720124
2023-05-21,,0.0,0.0,0.0,1.0,36.990446336,-20.91912136
2023-05-22,4.0,1.0,0.0,2714.084003684,145.0,11148.0418025783,617.64373787344
2023-05-22,,0.0,0.0,0.0,1.0,57.099601716,12.32646226684
2023-05-23,7.0,0.0,1.0,7565.7629296256,156.0,42105.6261792166,-1828.52199599661
2023-05-24,8.0,0.0,0.0,7912.41670791,177.0,45594.9333192493,583.68805633389
2023-05-24,,0.0,0.0,0.0,1.0,15.1179195,15.1179195
2023-05-25,3.0,0.0,0.0,7604.401605738,187.0,190944.533733929,6582.64944910768
2023-05-25,4.0,,,,,,
2023-05-26,3.0,0.0,0.0,5975.86907925,134.0,19683.1163756817,3371.5512986103
2023-05-27,7.0,0.0,0.0,4946.6972756916,174.0,17303.3058049948,2491.9136424404
2023-05-27,,0.0,0.0,34.958469,1.0,47.89310253,34.962743921352
2023-05-28,5.0,0.0,0.0,2032.8412675208,174.0,15481.4342007615,-946.892267720344
2023-05-28,1.0,,,,,,
2023-05-29,1.0,0.0,0.0,1765.9666283292,127.0,11025.1106739305,-413.748556057408
2023-05-29,1.0,,,,,,
2023-05-30,6.0,0.0,0.0,1862.96722308,114.0,12052.3478609635,607.744141913112
2023-05-30,7.0,0.0,0.0,,,,
2023-05-31,3.0,0.0,3.0,3324.8170170504,141.0,17201.8453617538,-144.231342167098
2023-06-01,10.0,0.0,3.0,8749.9873477632,194.0,31499.3800946948,2757.90053524878
2023-06-02,4.0,0.0,1.0,3837.047816742,179.0,23324.2676426778,5549.0601433386
2023-06-03,5.0,0.0,1.0,3596.4562076163,186.0,18959.524751069,1371.27845401932
2023-06-04,8.0,0.0,1.0,2348.9822158634,158.0,17172.2434006535,-41.45430073083
2023-06-05,2.0,0.0,1.0,1549.348613657,158.0,12069.3902114214,1298.21754910083
2023-06-05,1.0,0.0,0.0,,,,
2023-06-06,2.0,0.0,1.0,2657.4673568,183.0,16262.1652357092,513.91223748086
2023-06-07,5.0,0.0,5.0,2469.6199305162,193.0,12652.2192961242,-1560.34143912339
2023-06-08,6.0,0.0,0.0,3657.2835668688,194.0,16884.2751523504,537.730723518406
2023-06-08,3.0,0.0,0.0,,,,
2023-06-09,5.0,0.0,1.0,2774.8238752256,152.0,14492.2457324213,314.94609198602
2023-06-10,8.0,0.0,0.0,6307.7273189902,218.0,23550.234874886,-385.111904471212
2023-06-11,5.0,0.0,0.0,2223.59801173,163.0,9824.41065459704,-190.525901211559
2023-06-12,2.0,0.0,0.0,4190.5300429505,122.0,31680.9459377429,1866.70692290735
2023-06-13,1.0,0.0,0.0,4813.4748542804,115.0,35293.8464404565,2675.57790371654
2023-06-13,1.0,0.0,0.0,,,,
2023-06-14,4.0,0.0,0.0,3233.006529324,121.0,20631.2209191274,945.08053583026
2023-06-14,1.0,0.0,0.0,,,,
2023-06-15,5.0,0.0,0.0,1981.7525373426,129.0,7510.76479805751,-128.362415533506
2023-06-16,8.0,0.0,0.0,3330.1801668352,137.0,31628.9394267729,1616.77098356374
2023-06-16,1.0,0.0,0.0,,,,
2023-06-17,7.0,0.0,0.0,3056.133941848,150.0,22266.9037011184,-1951.8527370442
2023-06-18,6.0,0.0,0.0,3599.7560508,128.0,22458.310813795,-692.566721966
2023-06-19,2.0,2.0,0.0,3586.2415161969,148.0,21298.5459734801,96.57668324529
2023-06-20,10.0,0.0,1.0,3765.4293924446,137.0,24579.4168192078,1543.34143628643
2023-06-21,4.0,0.0,0.0,3579.65984688,140.0,18284.7258634548,-201.654700240608
2023-06-21,1.0,0.0,0.0,,,,
2023-06-22,5.0,0.0,0.0,4511.7001099788,179.0,19016.5865965261,3548.31007867459
2023-06-22,1.0,0.0,0.0,,,,
2023-06-23,4.0,5.0,2.0,2506.917746707,143.0,20725.0878134281,-2154.04514964911
2023-06-24,2.0,27.0,11.0,10632.4235907455,151.0,76584.1462034473,4755.08241878017
2023-06-25,1.0,30.0,20.0,2288.0755468116,191.0,10542.6541931681,-696.645998549865
2023-06-26,,24.0,7.0,1843.592556897,136.0,8302.0858044882,948.52641621465
2023-06-26,3.0,0.0,0.0,,,,
2023-06-27,,50.0,21.0,3333.375865468,186.0,12299.21629604,1045.30535419904
2023-06-28,,15.0,7.0,2851.0691782497,187.0,11774.8744187712,1554.89118465533
2023-06-28,1.0,0.0,0.0,,,,
2023-06-29,,52.0,26.0,2895.6720707264,212.0,15950.4683471638,421.270746931328
2023-06-30,,34.0,16.0,2555.895790955,217.0,16764.9781405936,947.94240583075
2023-07-01,,4.0,4.0,3734.223415437,226.0,16391.6176029353,1278.13546081892
2023-07-02,,2.0,5.0,5117.0589977616,243.0,38679.9974445745,1634.3233933072
2023-07-03,,3.0,4.0,3414.60458685,198.0,21259.6245216052,-718.713426902967
2023-07-04,5.0,3.0,2.0,5216.494011644,185.0,46297.6528934965,-689.45618898258
2023-07-05,5.0,16.0,6.0,4115.650830292,203.0,20685.7481363754,211.419774274096
2023-07-06,2.0,72.0,21.0,6529.277221165,265.0,26540.1620922935,2603.9418262
2023-07-07,3.0,44.0,20.0,11632.703716745,182.0,60899.2578256039,4110.82973444994
2023-07-08,1.0,21.0,16.0,8543.7573222657,267.0,80203.0879415535,1116.70857653579
2023-07-09,,176.0,75.0,7925.3059283865,348.0,39045.9244092849,2588.74721337159
2023-07-10,5.0,89.0,38.0,6161.280910896,210.0,35280.8573010454,2881.30364842004
2023-07-11,,138.0,75.0,4412.9265451854,279.0,16392.1964716111,982.44093062423
2023-07-12,,325.0,159.0,4964.6384920122,353.0,21239.6327153895,-2613.3302722128
2023-07-12,1.0,0.0,0.0,,,,
2023-07-13,7.0,470.0,180.0,6248.4491958988,588.0,36239.5842331319,2126.51374662949
2023-07-14,,381.0,161.0,8041.9266289989,602.0,39272.6991597144,271.985898575371
2023-07-14,2.0,0.0,0.0,,,,
2023-07-15,,333.0,183.0,9313.673633066,681.0,39869.7194502554,4470.03643650564
2023-07-15,,0.0,0.0,62.44458,1.0,22.4800488,-61.957512276
2023-07-16,,475.0,241.0,8883.1462197492,950.0,34096.8826987224,1690.60359610661
2023-07-17,,199.0,99.0,5324.4335469717,536.0,23153.2716125941,-16.641691859835
2023-07-17,1.0,0.0,0.0,,,,
2023-07-17,,0.0,0.0,0.0,1.0,33.80951826,12.33776105541
2023-07-18,,356.0,171.0,5600.499845424,779.0,29608.9433026111,2075.52954405907
2023-07-18,,0.0,0.0,0.0,1.0,18.6076512,5.9420432832
2023-07-19,,568.0,244.0,8006.5903092216,935.0,44333.874757951,-383.083483350972
2023-07-19,,0.0,0.0,0.0,1.0,21.24557388,1.56217455
2023-07-20,,415.0,209.0,7115.2886266506,923.0,40273.6836726863,670.774280082754
2023-07-20,,0.0,0.0,0.0,1.0,37.5777396,-0.145759876604
2023-07-21,,327.0,182.0,13348.315372398,848.0,145176.633743159,5098.30584079996
2023-07-21,,0.0,0.0,0.0,1.0,36.23120568,-5.385081580776
2023-07-22,,400.0,232.0,9975.9740461796,1273.0,72712.3288113142,6048.35790015974
2023-07-22,,0.0,0.0,0.0,1.0,76.65226572,-1.602388388662
2023-07-23,,608.0,284.0,11066.0953737774,1308.0,53596.7712767026,2977.87224901274
2023-07-23,,0.0,0.0,0.0,1.0,41.41011996,2.76569407248
2023-07-24,,496.0,215.0,10198.7332227526,1112.0,65015.3880946254,3151.70519823178
2023-07-24,,0.0,0.0,0.0,1.0,25.0970424,-0.41870232404
2023-07-25,1.0,156.0,115.0,9923.6463742152,1073.0,54718.6198866583,2824.2843504305
2023-07-25,,0.0,0.0,0.0,1.0,6.3437553,-3.7364718717
2023-07-26,,36.0,62.0,11249.4342302142,1191.0,62649.6670209187,335.545892766876
2023-07-26,,0.0,0.0,0.0,1.0,8.86029228,-2.088497466
2023-07-27,,131.0,68.0,8192.7705986516,1232.0,58539.5660671922,1988.27027967729
2023-07-28,,132.0,76.0,9048.5335518636,960.0,69047.5100809318,-398.074119498372
2023-07-28,,0.0,0.0,0.0,1.0,1.27023912,-0.8447090148
2023-07-29,,168.0,127.0,14646.4929500656,1380.0,88398.911092773,7886.94568256784
2023-07-29,,0.0,0.0,0.0,1.0,53.36371404,7.09737396732
2023-07-30,,231.0,107.0,12258.2304942944,1427.0,105226.814539148,-6970.26288553301
2023-07-30,,0.0,0.0,0.0,1.0,7.60969044,-2.13261574581
2023-07-31,,0.0,34.0,0.0,873.0,72664.071770219,0.0
2023-08-01,,39.0,52.0,11691.3214514488,1014.0,67030.7156898588,4577.61351939391
2023-08-02,,38.0,39.0,11916.0780373616,1365.0,75335.5291526817,2886.30886178849
2023-08-03,,25.0,37.0,13555.7656711584,1257.0,75073.1771132764,2877.88246818871
2023-08-04,,20.0,25.0,7797.6492947894,1156.0,68799.6751349184,3182.41141294802
2023-08-05,,14.0,37.0,13458.0781144653,1196.0,79888.8269652937,7363.93344109776
2023-08-05,,0.0,0.0,0.0,1.0,2.46993372,0.19944714789
2023-08-06,,38.0,35.0,14517.3091743,1344.0,73688.0696047816,8857.60031509056
2023-08-06,,0.0,0.0,0.0,1.0,1.2328227,0.5855907825
2023-08-07,,24.0,16.0,6784.9280817435,1020.0,49755.088627218,4268.47199689822
2023-08-08,,19.0,14.0,11861.2972647352,870.0,55808.4975020578,763.920798209364
2023-08-09,,22.0,21.0,11883.3470964438,1138.0,90024.2536545822,6467.54444131866
2023-08-10,,49.0,27.0,15531.312647835,1090.0,86045.5870419533,-2216.91069607908
2023-08-11,,38.0,16.0,16573.0514924085,1089.0,82000.4833768364,2115.95162318276
2023-08-11,,0.0,0.0,0.0,1.0,14.23669617,0.91733842278
2023-08-12,,40.0,14.0,23800.7899510483,901.0,108765.872793675,1654.13945336268
2023-08-12,,0.0,0.0,0.0,1.0,34.41818856,0.77072157954
2023-08-13,,75.0,30.0,9936.7302845525,1149.0,55966.7495083168,3057.1659559682
2023-08-13,,0.0,0.0,0.0,1.0,7.34629428,-3.21033060036
2023-08-14,,41.0,18.0,10323.3698337835,724.0,70042.894047339,7758.67006116937
2023-08-14,1.0,0.0,0.0,,,,
2023-08-14,,0.0,0.0,0.0,1.0,3.67314714,-2.184808325245
2023-08-15,,28.0,22.0,10462.8092088816,905.0,55733.619636301,4458.04464928852
2023-08-15,,0.0,0.0,0.0,1.0,3.63665754,1.4970906873
2023-08-16,,46.0,29.0,17157.4267831932,922.0,95882.3292580267,1462.41721788823
2023-08-16,,0.0,0.0,0.0,1.0,18.0761004,3.51459645444
2023-08-17,,56.0,19.0,16230.8833462377,1074.0,113438.363449327,1878.70336230089
2023-08-17,,0.0,0.0,0.0,1.0,1.20680154,1.146461463
2023-08-18,,7.0,13.0,12297.987998614,766.0,62926.7991328176,4127.17945498454
2023-08-19,1.0,4.0,12.0,14456.48555634,1046.0,72328.9546265748,3576.68127415608
2023-08-19,,0.0,0.0,0.0,1.0,12.091752,-0.58709486544
2023-08-20,,6.0,13.0,11139.6401425276,1055.0,49704.5419338017,4150.11827996442
2023-08-20,1.0,0.0,0.0,,,,
2023-08-20,,0.0,0.0,0.0,1.0,14.88741916,1.65511888418
2023-08-21,,1.0,6.0,8680.7957696074,694.0,44880.3463814674,-2139.27813493294
2023-08-22,1.0,2.0,4.0,12578.1407726962,790.0,101036.279716265,2814.00244787418
2023-08-23,,7.0,6.0,11415.426199758,817.0,82924.4568898528,-1696.33934329392
2023-08-24,,1.0,4.0,16233.7822696683,961.0,120468.115594314,3469.05756467634
2023-08-25,,1.0,5.0,16583.3571345806,809.0,83966.7597291016,4450.1623801412
2023-08-25,,0.0,0.0,0.0,1.0,6.1627839,2.172073185555
2023-08-26,,0.0,8.0,14820.715743596,929.0,92020.1502970743,9724.1836979109
2023-08-26,,0.0,0.0,0.0,1.0,8.58356814,0.37277210208
2023-08-27,,2.0,9.0,13420.7359792128,1001.0,147387.715434517,-4382.79032011094
2023-08-28,,1.0,4.0,7277.9199129504,652.0,61574.8472077011,741.876608389728
2023-08-29,,1.0,5.0,9727.0081870572,652.0,72534.8394695625,4967.02730182417
2023-08-30,,5.0,5.0,8744.3265116208,813.0,41267.7005048704,-1339.74323242711
2023-08-31,,1.0,8.0,9504.9769994376,868.0,47020.3290266701,8359.66567648714
2023-09-01,,2.0,5.0,8386.1653493184,768.0,48771.1768952232,478.618962955728
2023-09-02,,1.0,1.0,13803.211856549,836.0,61897.2612059416,4656.05759479698
2023-09-02,,0.0,0.0,0.0,1.0,1.2159681,-1.09741121025
2023-09-03,,5.0,6.0,12298.0143869432,972.0,61015.1398366259,4860.335234995
2023-09-03,,0.0,0.0,0.0,1.0,12.1547544,-2.5403436696
2023-09-04,,2.0,2.0,5622.0621259684,555.0,49270.9684011933,1699.31954582156
2023-09-05,1.0,1.0,5.0,7637.5944674504,578.0,51182.676794576,3007.70128121552
2023-09-05,1.0,0.0,0.0,,,,
2023-09-06,,1.0,5.0,7761.377168951,581.0,47272.8602235028,703.90770992794
2023-09-07,,1.0,2.0,10840.7450713776,674.0,67026.0638845835,3084.4922492121
2023-09-07,,0.0,0.0,0.0,1.0,2.0116596,-1.4906397636
2023-09-08,,0.0,1.0,11214.3960402903,682.0,70127.1106693194,3270.25564951285
2023-09-09,,0.0,4.0,10238.6475152452,774.0,83542.3156747991,6453.21358041961
2023-09-10,2.0,0.0,1.0,8868.4388032752,648.0,47301.5370375669,1321.20984457904
2023-09-10,,0.0,0.0,0.0,1.0,14.0411124,1.715021586
2023-09-11,,2.0,5.0,7570.5545962008,539.0,44295.7423859263,-328.491664128144
2023-09-11,1.0,0.0,0.0,,,,
2023-09-11,1.0,0.0,0.0,,,,
2023-09-12,,1.0,3.0,7682.7856278492,681.0,33333.8474564317,1238.0079917701
2023-09-12,,0.0,0.0,0.0,1.0,9.5230189048,5.87219077256
2023-09-13,1.0,2.0,4.0,8470.3942445472,715.0,47320.7751143865,3078.61305254225
2023-09-14,,2.0,0.0,7827.6213880988,793.0,35578.3452061123,1706.13109242028
2023-09-14,,0.0,0.0,0.0,1.0,16.939823646,-18.1068572245
2023-09-15,,5.0,2.0,9802.900641247,734.0,46371.9283663335,5766.11448476939
2023-09-15,,0.0,0.0,0.0,1.0,17.6698666485,-0.917343651675
2023-09-16,,1.0,8.0,10545.9286320472,799.0,41793.6560447633,-1468.25023657444
2023-09-16,,0.0,0.0,0.0,1.0,47.2338419,2.6142904669
2023-09-17,,6.0,12.0,10563.3425178528,864.0,43020.6244683219,1125.97903706763
2023-09-17,,0.0,0.0,0.0,1.0,6.1626318,-4.7811751715
2023-09-18,1.0,0.0,0.0,,,,
2023-09-19,1.0,3.0,3.0,12250.1292783272,765.0,116987.57805285,175.273456460808
2023-09-19,2.0,0.0,0.0,,,,
2023-09-19,,0.0,0.0,0.0,1.0,35.4773170748,24.98416990406
2023-09-20,,3.0,6.0,9911.3443569204,795.0,100493.092765604,5872.00108022337
2023-09-20,,0.0,0.0,0.0,1.0,70.5231448008,-2.0155060806
2023-09-21,,2.0,8.0,10699.7057379828,779.0,55891.2997286052,-1315.82823869378
2023-09-21,,0.0,0.0,0.0,1.0,35.575739325,14.527791405225
2023-09-22,,1.0,4.0,8284.6903175015,743.0,63848.8324944868,1503.35462730975
2023-09-22,,0.0,0.0,20.337191,1.0,60.6882116631,16.547863886925
2023-09-23,,1.0,5.0,10010.9293731972,774.0,74746.9407156131,3160.01943833545
2023-09-23,,0.0,0.0,0.0,1.0,17.2773006,6.8357131668
2023-09-24,,2.0,8.0,9435.1592407356,891.0,62595.9008039916,1938.00750005678
2023-09-24,,0.0,0.0,0.0,1.0,8.2730845872,-2.38489287084
